City_ID,City,Country,Date,Lat,Lng,Max Temp,Humidity,Cloudiness,Wind Speed,Current Description,Rain inches (last 3 hours),Snow inches (last 3 hours)
0,San Ramon,US,2022-11-25 03:42:06,37.7799,-121.978,61.25,57,0,6.91,clear sky,0,0
1,Bonavista,CA,2022-11-25 03:46:27,48.6499,-53.1147,28.71,94,100,30.58,snow,0,0
2,Kahului,US,2022-11-25 03:46:28,20.8947,-156.47,75.22,70,75,23.02,broken clouds,0,0
3,Beloha,MG,2022-11-25 03:46:29,-25.1667,45.05,77.88,61,2,4.05,clear sky,0,0
4,Mount Gambier,AU,2022-11-25 03:46:29,-37.8333,140.7667,73.6,44,95,1.72,overcast clouds,0,0
5,Jamestown,US,2022-11-25 03:45:54,42.097,-79.2353,47.79,52,100,6.91,overcast clouds,0,0
6,Rikitea,PF,2022-11-25 03:46:30,-23.1203,-134.9692,70.43,86,100,8.95,light rain,0,0
7,Bengkulu,ID,2022-11-25 03:46:31,-3.8004,102.2655,77.32,89,97,8.46,light rain,0,0
8,Port-Gentil,GA,2022-11-25 03:46:31,-0.7193,8.7815,76.37,91,100,7.34,light rain,0,0
9,Lasa,IT,2022-11-25 03:46:32,46.6166,10.7002,38.28,57,100,2.06,overcast clouds,0,0
10,Bethel,US,2022-11-25 03:46:32,41.3712,-73.414,44.91,92,98,3.6,overcast clouds,0,0
11,Beya,RU,2022-11-25 03:46:33,53.0533,90.9139,11.59,53,100,1.95,overcast clouds,0,0
12,East London,ZA,2022-11-25 03:46:34,-33.0153,27.9116,65.34,63,40,13.8,scattered clouds,0,0
13,Nykoping,SE,2022-11-25 03:46:34,58.753,17.0079,34.09,93,100,4.61,overcast clouds,0,0
14,Bluff,NZ,2022-11-25 03:46:35,-46.6,168.3333,54.81,74,100,24.83,overcast clouds,0,0
15,Torbay,CA,2022-11-25 03:45:49,47.6666,-52.7314,26.76,82,100,47.18,light snow,0,0
16,Ribeira Grande,PT,2022-11-25 03:46:35,38.5167,-28.7,65.77,84,99,27.0,overcast clouds,0,0
17,Komsomolskiy,UZ,2022-11-25 03:46:36,40.4272,71.7189,41.72,87,100,4.61,overcast clouds,0,0
18,Berlevag,NO,2022-11-25 03:46:36,70.8578,29.0864,24.8,68,54,11.5,broken clouds,0,0
19,Mataura,NZ,2022-11-25 03:46:37,-46.1927,168.8643,54.48,54,100,8.99,overcast clouds,0,0
20,Lorengau,PG,2022-11-25 03:46:37,-2.0226,147.2712,85.89,64,53,6.67,broken clouds,0,0
21,Bredasdorp,ZA,2022-11-25 03:46:38,-34.5322,20.0403,53.01,60,10,3.74,clear sky,0,0
22,Cape Town,ZA,2022-11-25 03:46:38,-33.9258,18.4232,58.08,52,20,12.66,few clouds,0,0
23,Punta Arenas,CL,2022-11-25 03:46:26,-53.15,-70.9167,50.11,46,100,24.83,overcast clouds,0,0
24,Tuktoyaktuk,CA,2022-11-25 03:46:39,69.4541,-133.0374,5.0,92,75,2.3,light snow,0,0
25,Namibe,AO,2022-11-25 03:46:39,-15.1961,12.1522,73.22,82,71,2.39,light rain,0,0
26,Killarney,IE,2022-11-25 03:45:48,52.05,-9.5167,44.4,91,9,7.99,clear sky,0,0
27,Ahipara,NZ,2022-11-25 03:46:40,-35.1667,173.1667,61.75,89,42,12.64,scattered clouds,0,0
28,Butaritari,KI,2022-11-25 03:46:40,3.0707,172.7902,80.28,77,100,7.81,overcast clouds,0,0
29,Bilibino,RU,2022-11-25 03:46:41,68.0546,166.4372,-11.96,95,98,2.44,overcast clouds,0,0
30,Carnarvon,AU,2022-11-25 03:46:41,-24.8667,113.6333,74.39,57,2,15.88,clear sky,0,0
31,Laguna,US,2022-11-25 03:46:42,38.421,-121.4238,58.78,71,0,4.61,clear sky,0,0
32,Dikson,RU,2022-11-25 03:46:42,73.5069,80.5464,-1.75,97,100,19.13,light snow,0,0
33,Vaini,TO,2022-11-25 03:46:43,-21.2,-175.2,84.36,74,75,4.61,broken clouds,0,0
34,Katherine,AU,2022-11-25 03:46:43,-14.4667,132.2667,95.32,41,40,6.91,scattered clouds,0,0
35,Naigarhi,IN,2022-11-25 03:46:43,24.7833,81.7833,68.22,30,1,2.13,clear sky,0,0
36,Banda Aceh,ID,2022-11-25 03:46:44,5.5577,95.3222,85.39,63,94,13.82,overcast clouds,0,0
37,Albany,US,2022-11-25 03:43:13,42.6001,-73.9662,42.58,72,99,3.24,overcast clouds,0,0
38,Riberalta,BO,2022-11-25 03:46:45,-10.9833,-66.1,72.07,96,17,1.9,few clouds,0,0
39,Bambous Virieux,MU,2022-11-25 03:46:45,-20.3428,57.7575,80.22,69,40,10.36,scattered clouds,0,0
40,Hailey,US,2022-11-25 03:46:45,43.5196,-114.3153,30.06,71,0,5.75,clear sky,0,0
41,Yulara,AU,2022-11-25 03:46:46,-25.2406,130.9889,81.16,45,100,20.15,overcast clouds,0,0
42,Kaitangata,NZ,2022-11-25 03:46:46,-46.2817,169.8464,57.38,52,100,11.27,overcast clouds,0,0
43,Cidreira,BR,2022-11-25 03:46:47,-30.1811,-50.2056,64.85,78,0,6.35,clear sky,0,0
44,Carahue,CL,2022-11-25 03:46:47,-38.7,-73.1667,47.75,92,86,2.01,overcast clouds,0,0
45,Provideniya,RU,2022-11-25 03:46:48,64.3833,-173.3,14.36,67,97,2.24,overcast clouds,0,0
46,Kapaa,US,2022-11-25 03:46:48,22.0752,-159.319,76.98,81,100,27.63,moderate rain,0,0
47,Port Alfred,ZA,2022-11-25 03:46:49,-33.5906,26.891,62.19,79,100,4.0,overcast clouds,0,0
48,Lompoc,US,2022-11-25 03:46:49,34.6391,-120.4579,57.52,43,0,5.75,clear sky,0,0
49,Sisimiut,GL,2022-11-25 03:46:50,66.9395,-53.6735,17.67,88,97,8.61,overcast clouds,0,0
50,Hithadhoo,MV,2022-11-25 03:46:50,-0.6,73.0833,81.97,75,65,12.93,broken clouds,0,0
51,Moose Factory,CA,2022-11-25 03:46:51,51.2585,-80.6094,33.8,93,100,8.05,overcast clouds,0,0
52,Nikolskoye,RU,2022-11-25 03:46:51,59.7035,30.7861,19.29,91,46,4.97,scattered clouds,0,0
53,Constitucion,CL,2022-11-25 03:45:57,-35.3333,-72.4167,60.28,66,42,7.27,scattered clouds,0,0
54,Antoing,BE,2022-11-25 03:46:52,50.556,3.4653,47.95,91,71,9.28,broken clouds,0,0
55,Loxstedt,DE,2022-11-25 03:46:52,53.4667,8.65,43.93,97,100,11.14,overcast clouds,0,0
56,Busselton,AU,2022-11-25 03:46:53,-33.65,115.3333,69.75,55,46,12.86,scattered clouds,0,0
57,Severo-Kurilsk,RU,2022-11-25 03:46:53,50.6789,156.125,33.01,63,100,12.8,overcast clouds,0,0
58,Mandalgovi,MN,2022-11-25 03:46:53,45.7625,106.2708,5.83,36,2,19.82,clear sky,0,0
59,Kaeo,NZ,2022-11-25 03:46:54,-35.1,173.7833,62.19,91,43,12.28,scattered clouds,0,0
60,Madang,PG,2022-11-25 03:46:54,-5.2246,145.7966,86.59,61,24,7.25,few clouds,0,0
61,Padang,ID,2022-11-25 03:46:55,-0.9492,100.3543,78.85,86,98,3.09,overcast clouds,0,0
62,Semey,KZ,2022-11-25 03:46:55,50.4111,80.2275,21.42,73,75,24.61,broken clouds,0,0
63,Ko Samui,TH,2022-11-25 03:46:56,9.5357,99.9357,78.71,94,40,0.0,moderate rain,0,0
64,Aleksandrovskiy Zavod,RU,2022-11-25 03:46:56,50.9237,117.9374,10.98,82,100,9.84,overcast clouds,0,0
65,Itarema,BR,2022-11-25 03:45:22,-2.9248,-39.9167,78.44,79,48,14.05,scattered clouds,0,0
66,Sibolga,ID,2022-11-25 03:46:57,1.7427,98.7792,83.62,66,93,3.49,overcast clouds,0,0
67,Tautira,PF,2022-11-25 03:46:57,-17.7333,-149.15,75.87,77,57,15.37,broken clouds,0,0
68,Esperance,AU,2022-11-25 03:46:58,-33.8667,121.9,65.82,70,53,13.24,broken clouds,0,0
69,Alofi,NU,2022-11-25 03:46:58,-19.0595,-169.9187,85.89,58,40,4.61,scattered clouds,0,0
70,Belaya Gora,RU,2022-11-25 03:46:59,68.5333,146.4167,-32.4,100,100,0.96,overcast clouds,0,0
71,Saint George,US,2022-11-25 03:43:39,37.1041,-113.5841,47.95,37,0,10.36,clear sky,0,0
72,San Patricio,US,2022-11-25 03:46:59,28.017,-97.5169,69.75,97,100,3.56,overcast clouds,0,0
73,Bud,US,2022-11-25 03:47:00,39.447,-86.1758,53.62,71,100,9.62,overcast clouds,0,0
74,Ushuaia,AR,2022-11-25 03:47:00,-54.8,-68.3,49.66,46,75,19.57,broken clouds,0,0
75,Cuiluan,CN,2022-11-25 03:47:01,47.72,128.648,27.01,83,100,4.12,overcast clouds,0,0
76,Buraydah,SA,2022-11-25 03:47:01,26.326,43.975,63.05,37,15,10.45,few clouds,0,0
77,Hovd,MN,2022-11-25 03:47:02,48.0056,91.6419,12.11,56,100,2.91,overcast clouds,0,0
78,Pangoa,PE,2022-11-25 03:47:02,-12.1167,-73.0,65.79,99,57,2.95,broken clouds,0,0
79,Castro,BR,2022-11-25 03:47:03,-24.7911,-50.0119,57.83,94,94,8.72,overcast clouds,0,0
80,Hilo,US,2022-11-25 03:47:04,19.7297,-155.09,69.53,93,100,16.11,moderate rain,0,0
81,Mecca,SA,2022-11-25 03:47:04,21.4267,39.8261,76.46,61,0,0.76,clear sky,0,0
82,Moerai,PF,2022-11-25 03:47:05,-22.4333,-151.3333,73.35,73,42,15.68,scattered clouds,0,0
83,Saskylakh,RU,2022-11-25 03:47:05,71.9167,114.0833,-11.58,94,100,10.16,overcast clouds,0,0
84,Tilichiki,RU,2022-11-25 03:47:06,60.4667,166.1,-10.41,96,13,6.35,few clouds,0,0
85,Byron Bay,AU,2022-11-25 03:45:21,-28.65,153.6167,83.71,57,1,8.95,clear sky,0,0
86,Saint-Philippe,RE,2022-11-25 03:47:06,-21.3585,55.7679,78.39,72,32,12.59,scattered clouds,0,0
87,Coos Bay,US,2022-11-25 03:45:48,43.3665,-124.2179,47.98,100,40,4.61,scattered clouds,0,0
88,Hermanus,ZA,2022-11-25 03:47:07,-34.4187,19.2345,56.08,59,15,4.99,few clouds,0,0
89,Dondo,MZ,2022-11-25 03:47:08,-19.6094,34.7431,74.71,91,40,3.83,scattered clouds,0,0
90,Ilulissat,GL,2022-11-25 03:47:09,69.2167,-51.1,15.82,53,40,9.22,scattered clouds,0,0
91,Svetlaya,RU,2022-11-25 03:47:09,46.5389,138.3297,32.07,95,100,4.9,snow,0,0
92,Atlantic City,US,2022-11-25 03:47:09,39.3643,-74.4229,50.0,85,53,9.98,broken clouds,0,0
93,Flinders,AU,2022-11-25 03:47:10,-34.5833,150.8552,76.17,67,17,5.01,few clouds,0,0
94,Longyearbyen,SJ,2022-11-25 03:47:10,78.2186,15.6401,30.04,80,75,16.11,broken clouds,0,0
95,Singapore,SG,2022-11-25 03:46:50,1.2897,103.8501,87.75,75,40,5.75,scattered clouds,0,0
96,Upernavik,GL,2022-11-25 03:47:11,72.7868,-56.1549,10.18,94,100,8.75,overcast clouds,0,0
97,Bowen,AU,2022-11-25 03:47:12,-20.0167,148.2333,81.99,65,40,18.75,scattered clouds,0,0
98,Inta,RU,2022-11-25 03:47:12,66.0317,60.1659,1.65,98,96,4.7,overcast clouds,0,0
99,Hobart,AU,2022-11-25 03:47:14,-42.8794,147.3294,57.22,79,75,10.36,light rain,0,0
100,Hambantota,LK,2022-11-25 03:47:14,6.1241,81.1185,84.54,84,20,3.44,few clouds,0,0
101,Tsiroanomandidy,MG,2022-11-25 03:47:15,-18.7667,46.0333,68.43,69,39,6.17,scattered clouds,0,0
102,Ostrovnoy,RU,2022-11-25 03:47:15,68.0531,39.5131,23.54,90,9,21.63,clear sky,0,0
103,Hamilton,US,2022-11-25 03:46:22,39.1834,-84.5333,58.05,55,100,5.75,overcast clouds,0,0
104,Avarua,CK,2022-11-25 03:47:16,-21.2078,-159.775,78.85,69,100,16.11,overcast clouds,0,0
105,Arraial Do Cabo,BR,2022-11-25 03:47:17,-22.9661,-42.0278,72.43,85,58,12.75,broken clouds,0,0
106,Acapulco,MX,2022-11-25 03:46:11,16.8634,-99.8901,78.17,83,41,3.67,scattered clouds,0,0
107,Puerto Ayora,EC,2022-11-25 03:47:17,-0.7393,-90.3518,67.55,97,55,3.0,broken clouds,0,0
108,Hami,CN,2022-11-25 03:47:18,42.8,93.45,36.0,35,94,8.95,overcast clouds,0,0
109,Zhigansk,RU,2022-11-25 03:47:18,66.7697,123.3711,-39.42,99,88,1.12,overcast clouds,0,0
110,Irbit,RU,2022-11-25 03:46:04,57.6705,63.071,-1.53,92,5,4.7,clear sky,0,0
111,Fare,PF,2022-11-25 03:47:19,-16.7,-151.0167,78.17,76,16,14.9,light rain,0,0
112,Qaanaaq,GL,2022-11-25 03:47:20,77.484,-69.3632,-0.62,93,85,6.04,overcast clouds,0,0
113,Marabba,SD,2022-11-25 03:47:20,12.35,32.1833,72.03,25,0,12.73,clear sky,0,0
114,Necochea,AR,2022-11-25 03:47:21,-38.5473,-58.7368,52.27,78,98,10.13,overcast clouds,0,0
115,Karatau,KZ,2022-11-25 03:47:22,43.1667,70.4667,49.53,60,0,22.75,clear sky,0,0
116,Charlestown,AU,2022-11-25 03:47:22,-32.95,151.6667,80.02,69,16,5.01,few clouds,0,0
117,Ewa Beach,US,2022-11-25 03:47:23,21.3156,-158.0072,75.15,55,0,18.41,clear sky,0,0
118,Norman Wells,CA,2022-11-25 03:47:23,65.282,-126.8329,8.64,85,100,13.8,light snow,0,0
119,Thompson,CA,2022-11-25 03:45:49,55.7435,-97.8558,4.66,99,79,1.05,broken clouds,0,0
120,Sobolevo,RU,2022-11-25 03:47:24,54.4299,31.8996,28.99,97,100,10.76,light snow,0,0
121,Pedro Ii,BR,2022-11-25 03:47:25,-4.4247,-41.4586,72.7,61,58,0.72,broken clouds,0,0
122,Kruisfontein,ZA,2022-11-25 03:47:25,-34.0033,24.7314,59.88,63,94,10.65,overcast clouds,0,0
123,Shache,CN,2022-11-25 03:47:25,38.4167,77.2406,46.9,23,24,0.74,few clouds,0,0
124,Juneau,US,2022-11-25 03:47:26,58.3019,-134.4197,38.21,97,75,10.36,broken clouds,0,0
125,Marzuq,YE,2022-11-25 03:47:27,14.4,46.4667,64.85,69,0,2.93,clear sky,0,0
126,Bahia Honda,CU,2022-11-25 03:47:27,22.9036,-83.1592,75.43,88,87,4.0,overcast clouds,0,0
127,Ponta Delgada,PT,2022-11-25 03:47:28,37.7333,-25.6667,65.12,72,20,18.41,few clouds,0,0
128,Sharjah,AE,2022-11-25 03:46:38,25.3573,55.4033,73.38,82,99,4.61,overcast clouds,0,0
129,Menomonie,US,2022-11-25 03:45:47,44.8755,-91.9193,33.84,100,0,5.75,clear sky,0,0
130,Anloga,GH,2022-11-25 03:47:29,5.7947,0.8973,80.2,79,11,8.79,few clouds,0,0
131,Te Anau,NZ,2022-11-25 03:47:29,-45.4167,167.7167,55.69,55,100,6.69,overcast clouds,0,0
132,Mumford,GH,2022-11-25 03:47:30,5.2618,-0.759,78.53,82,86,4.09,overcast clouds,0,0
133,Pemangkat,ID,2022-11-25 03:47:30,1.1667,108.9667,84.94,65,29,6.13,scattered clouds,0,0
134,Bathsheba,BB,2022-11-25 03:47:31,13.2167,-59.5167,81.21,78,40,16.11,scattered clouds,0,0
135,Narsaq,GL,2022-11-25 03:47:31,60.9167,-46.05,32.22,75,100,5.19,overcast clouds,0,0
136,Cayenne,GF,2022-11-25 03:47:32,4.9333,-52.3333,73.44,94,0,2.3,clear sky,0,0
137,Sioux Lookout,CA,2022-11-25 03:45:49,50.1001,-91.917,32.07,80,75,8.05,broken clouds,0,0
138,Pisco,PE,2022-11-25 03:45:00,-13.7,-76.2167,66.25,88,0,4.61,clear sky,0,0
139,Atuona,PF,2022-11-25 03:47:33,-9.8,-139.0333,77.76,76,15,9.4,light rain,0,0
140,Vila Franca Do Campo,PT,2022-11-25 03:47:33,37.7167,-25.4333,64.81,80,82,19.37,broken clouds,0,0
141,Tasiilaq,GL,2022-11-25 03:47:34,65.6145,-37.6368,39.36,70,100,24.09,light rain,0,0
142,Fereydun Kenar,IR,2022-11-25 03:47:34,36.6864,52.5225,59.14,71,11,7.81,few clouds,0,0
143,Aklavik,CA,2022-11-25 03:47:35,68.2191,-135.0107,-11.65,100,93,2.95,overcast clouds,0,0
144,Madera,US,2022-11-25 03:44:15,37.1666,-119.8343,61.23,26,0,1.01,clear sky,0,0
145,Port Blair,IN,2022-11-25 03:47:35,11.6667,92.75,80.64,89,100,5.75,mist,0,0
146,Sainte-Marie,RE,2022-11-25 03:47:36,-20.8968,55.5496,79.41,59,16,16.11,few clouds,0,0
147,Heihe,CN,2022-11-25 03:47:37,50.2441,127.4902,12.78,94,100,11.07,light snow,0,0
148,Lloydminster,CA,2022-11-25 03:47:37,53.2835,-110.0016,39.42,65,100,13.8,overcast clouds,0,0
149,Beringovskiy,RU,2022-11-25 03:47:38,63.05,179.3167,15.8,95,100,6.22,light snow,0,0
150,Baciu,RO,2022-11-25 03:47:38,46.8,23.5167,38.23,81,100,6.91,overcast clouds,0,0
151,Amahai,ID,2022-11-25 03:47:39,-3.3333,128.9167,85.69,68,63,7.56,broken clouds,0,0
152,Chokurdakh,RU,2022-11-25 03:47:39,70.6333,147.9167,-37.07,100,91,2.44,overcast clouds,0,0
153,Lagoa,PT,2022-11-25 03:47:40,39.05,-27.9833,63.14,79,99,34.87,overcast clouds,0,0
154,Kesan,TR,2022-11-25 03:43:00,40.8558,26.6303,47.01,73,100,15.32,light rain,0,0
155,Palmetto,US,2022-11-25 03:45:56,27.5214,-82.5723,71.65,68,0,4.61,clear sky,0,0
156,Barrow,US,2022-11-25 03:47:38,71.2906,-156.7887,12.22,85,100,8.05,light snow,0,0
157,Tabas,IR,2022-11-25 03:47:41,33.5959,56.9244,61.07,21,100,3.09,overcast clouds,0,0
158,Ternate,ID,2022-11-25 03:47:41,0.8,127.4,86.09,64,75,2.19,broken clouds,0,0
159,Salalah,OM,2022-11-25 03:47:42,17.0151,54.0924,71.69,78,20,2.3,few clouds,0,0
160,Kristiansund,NO,2022-11-25 03:47:42,63.1115,7.732,47.05,46,54,10.36,broken clouds,0,0
161,Malanje,AO,2022-11-25 03:47:42,-9.5402,16.341,62.82,98,100,2.39,light rain,0,0
162,Caravelas,BR,2022-11-25 03:47:43,-17.7125,-39.2481,72.64,95,100,7.47,light rain,0,0
163,Puerto Ayacucho,VE,2022-11-25 03:47:43,5.6639,-67.6236,73.92,93,82,2.48,broken clouds,0,0
164,Guane,CU,2022-11-25 03:47:44,22.2025,-84.0875,75.4,91,64,5.39,broken clouds,0,0
165,Saint-Georges,GD,2022-11-25 03:44:23,12.0564,-61.7485,78.48,94,20,17.27,few clouds,0,0
166,Yara,CU,2022-11-25 03:47:44,20.2753,-76.9533,73.27,93,16,4.7,few clouds,0,0
167,Sungairaya,ID,2022-11-25 03:47:45,0.7,108.9,89.26,56,26,4.36,light rain,0,0
168,Guadalupe Victoria,MX,2022-11-25 03:47:45,32.2869,-115.105,61.95,20,1,11.83,clear sky,0,0
169,Kirakira,SB,2022-11-25 03:47:46,-10.4544,161.9205,84.94,72,25,6.11,scattered clouds,0,0
170,Port-Cartier,CA,2022-11-25 03:47:46,50.0334,-66.8654,20.88,87,95,5.77,overcast clouds,0,0
171,New Norfolk,AU,2022-11-25 03:47:47,-42.7826,147.0587,56.88,84,100,3.94,overcast clouds,0,0
172,Ossora,RU,2022-11-25 03:47:47,59.2353,163.0719,12.15,86,16,4.03,few clouds,0,0
173,Forestville,US,2022-11-25 03:43:42,38.8451,-76.875,50.2,79,0,8.05,clear sky,0,0
174,Tiksi,RU,2022-11-25 03:47:48,71.6872,128.8694,-25.98,98,89,8.86,overcast clouds,0,0
175,Naryan-Mar,RU,2022-11-25 03:47:48,67.6713,53.087,19.45,97,95,5.46,light snow,0,0
176,Iqaluit,CA,2022-11-25 03:47:49,63.7506,-68.5145,4.73,66,0,4.61,clear sky,0,0
177,Jizan,SA,2022-11-25 03:47:49,17.3333,42.6667,76.14,69,8,0.96,clear sky,0,0
178,Honiara,SB,2022-11-25 03:47:50,-9.4333,159.95,83.66,77,46,2.89,scattered clouds,0,0
179,Pangnirtung,CA,2022-11-25 03:47:50,66.1451,-65.7125,-1.5,74,0,6.42,clear sky,0,0
180,Prado,BR,2022-11-25 03:47:51,-17.3411,-39.2208,73.44,93,100,9.69,moderate rain,0,0
181,Cabo San Lucas,MX,2022-11-25 03:46:23,22.8909,-109.9124,73.71,78,20,4.61,few clouds,0,0
182,Port Elizabeth,ZA,2022-11-25 03:47:51,-33.918,25.5701,62.1,74,0,13.8,clear sky,0,0
183,Luderitz,NA,2022-11-25 03:47:52,-26.6481,15.1594,57.92,81,0,19.04,clear sky,0,0
184,Leningradskiy,RU,2022-11-25 03:47:52,69.3833,178.4167,3.6,94,100,6.51,light snow,0,0
185,Souillac,MU,2022-11-25 03:47:53,-20.5167,57.5167,77.38,69,40,10.36,scattered clouds,0,0
186,Sao Filipe,CV,2022-11-25 03:47:53,14.8961,-24.4956,74.5,62,0,12.33,clear sky,0,0
187,Yazman,PK,2022-11-25 03:47:54,29.1212,71.7446,73.4,16,79,5.46,broken clouds,0,0
188,Grindavik,IS,2022-11-25 03:47:54,63.8424,-22.4338,46.35,81,75,13.8,broken clouds,0,0
189,Cherskiy,RU,2022-11-25 03:47:55,68.75,161.3,-11.78,98,100,4.83,overcast clouds,0,0
190,Okhotsk,RU,2022-11-25 03:47:55,59.3833,143.3,-0.76,79,22,15.48,few clouds,0,0
191,Maun,BW,2022-11-25 03:47:55,-19.9833,23.4167,69.76,100,75,2.3,broken clouds,0,0
192,Edremit,TR,2022-11-25 03:47:56,39.5961,27.0244,51.55,87,75,8.05,broken clouds,0,0
193,Yen Bai,VN,2022-11-25 03:46:01,21.7,104.8667,73.35,94,100,1.63,overcast clouds,0,0
194,Mao,ES,2022-11-25 03:47:57,39.8885,4.2658,64.96,88,75,12.66,broken clouds,0,0
195,Vanimo,PG,2022-11-25 03:47:57,-2.6741,141.3028,85.91,65,45,7.83,scattered clouds,0,0
196,Florianopolis,BR,2022-11-25 03:44:11,-27.6146,-48.5012,66.63,80,75,4.61,broken clouds,0,0
197,Nanortalik,GL,2022-11-25 03:47:58,60.1432,-45.2371,29.05,65,100,3.62,overcast clouds,0,0
198,Havre-Saint-Pierre,CA,2022-11-25 03:47:58,50.2334,-63.5986,21.2,73,0,9.22,clear sky,0,0
199,Pevek,RU,2022-11-25 03:47:58,69.7008,170.3133,-3.59,92,100,1.74,overcast clouds,0,0
200,Paamiut,GL,2022-11-25 03:47:59,61.994,-49.6678,21.74,64,100,6.04,overcast clouds,0,0
201,Ostersund,SE,2022-11-25 03:47:59,63.1792,14.6357,32.45,100,100,14.97,overcast clouds,0,0
202,Amga,RU,2022-11-25 03:48:00,60.8953,131.9608,-23.6,97,98,0.27,overcast clouds,0,0
203,Neiafu,TO,2022-11-25 03:48:00,-18.65,-173.9833,79.48,94,40,4.61,light intensity shower rain,0,0
204,Ulladulla,AU,2022-11-25 03:47:03,-35.35,150.4667,65.86,71,52,8.7,broken clouds,0,0
205,Fiumicino,IT,2022-11-25 03:48:01,41.7675,12.2291,55.78,81,0,4.61,clear sky,0,0
206,Fortuna,US,2022-11-25 03:48:01,40.5982,-124.1573,47.32,100,0,0.0,clear sky,0,0
207,Megion,RU,2022-11-25 03:48:02,61.0296,76.1136,-30.98,95,6,8.32,clear sky,0,0
208,Porto Santo,PT,2022-11-25 03:48:02,33.072,-16.3415,62.98,82,20,3.44,few clouds,0,0
209,Manado,ID,2022-11-25 03:48:03,1.487,124.8455,88.57,66,75,2.3,broken clouds,0,0
210,Kikwit,CD,2022-11-25 03:48:05,-5.041,18.8162,68.63,98,100,0.83,light rain,0,0
211,Camacha,PT,2022-11-25 03:48:05,33.0833,-16.3333,60.22,82,20,3.44,few clouds,0,0
212,Mbanza-Ngungu,CD,2022-11-25 03:48:06,-5.25,14.8667,67.32,99,100,3.67,moderate rain,0,0
213,Foam Lake,CA,2022-11-25 03:48:06,51.65,-103.5343,35.62,87,83,8.55,broken clouds,0,0
214,Kinablangan,PH,2022-11-25 03:48:07,7.6947,126.5503,83.84,71,51,4.81,broken clouds,0,0
215,Mogadishu,SO,2022-11-25 03:48:07,2.0371,45.3438,80.47,100,40,9.22,scattered clouds,0,0
216,Isangel,VU,2022-11-25 03:48:08,-19.55,169.2667,80.38,79,22,9.1,few clouds,0,0
217,Rio Gallegos,AR,2022-11-25 03:44:46,-51.6226,-69.2181,51.85,37,75,12.66,broken clouds,0,0
218,Georgetown,MY,2022-11-25 03:44:16,5.4112,100.3354,85.95,79,20,3.44,few clouds,0,0
219,Pierre,US,2022-11-25 03:48:09,44.3683,-100.351,36.52,76,0,9.22,clear sky,0,0
220,Aleksandrov Gay,RU,2022-11-25 03:48:09,50.147,48.5704,39.78,87,100,4.65,overcast clouds,0,0
221,Ponta Do Sol,PT,2022-11-25 03:48:10,32.6667,-17.1,66.83,72,98,4.07,overcast clouds,0,0
222,Yellowknife,CA,2022-11-25 03:48:08,62.456,-114.3525,23.56,93,100,13.8,light snow,0,0
223,Maiduguri,NG,2022-11-25 03:48:11,11.8464,13.1603,65.98,47,11,7.58,few clouds,0,0
224,Istisu,AZ,2022-11-25 03:48:11,40.9457,48.0738,27.27,51,40,2.73,scattered clouds,0,0
225,Soyo,AO,2022-11-25 03:48:12,-6.1349,12.3689,77.76,87,100,5.79,overcast clouds,0,0
226,Khatanga,RU,2022-11-25 03:48:12,71.9667,102.5,-20.88,95,100,16.78,overcast clouds,0,0
227,Ormara,PK,2022-11-25 03:48:13,25.2088,64.6357,76.28,46,100,4.88,overcast clouds,0,0
228,Talnakh,RU,2022-11-25 03:48:13,69.4865,88.3972,-30.35,93,78,4.05,broken clouds,0,0
229,Jinchang,CN,2022-11-25 03:48:14,38.4953,102.1739,34.77,45,50,3.67,scattered clouds,0,0
230,Loreto,MX,2022-11-25 03:48:14,22.2667,-101.9667,58.41,51,45,4.7,scattered clouds,0,0
231,Batticaloa,LK,2022-11-25 03:48:15,7.7102,81.6924,80.71,72,91,4.63,overcast clouds,0,0
232,Hanko,FI,2022-11-25 03:48:15,59.8333,22.95,31.05,86,100,14.88,overcast clouds,0,0
233,Temnikov,RU,2022-11-25 03:48:15,54.6302,43.2148,16.36,96,51,2.46,broken clouds,0,0
234,Taksimo,RU,2022-11-25 03:48:16,56.3444,114.8794,5.29,76,100,4.47,overcast clouds,0,0
235,Haines Junction,CA,2022-11-25 03:48:17,60.7522,-137.5108,19.35,93,100,2.3,overcast clouds,0,0
236,Aksarka,RU,2022-11-25 03:48:17,66.5606,67.7975,-13.63,96,63,6.24,broken clouds,0,0
237,Progreso,MX,2022-11-25 03:48:18,21.2833,-89.6667,76.53,85,39,10.6,scattered clouds,0,0
238,Baherden,TM,2022-11-25 03:48:18,38.4362,57.4316,54.73,53,0,7.85,clear sky,0,0
239,Venice,US,2022-11-25 03:45:15,27.0998,-82.4543,74.98,97,0,5.75,clear sky,0,0
240,Santiago,CL,2022-11-25 03:43:31,-33.4569,-70.6483,74.25,52,0,3.44,clear sky,0,0
241,Warwick,US,2022-11-25 03:48:19,41.7001,-71.4162,49.91,91,20,3.44,few clouds,0,0
242,Alexandria,EG,2022-11-25 03:48:08,31.2156,29.9553,68.41,57,2,16.82,clear sky,0,0
243,Katsuura,JP,2022-11-25 03:48:20,35.1333,140.3,60.94,59,47,12.64,scattered clouds,0,0
244,Benguela,AO,2022-11-25 03:48:21,-12.5763,13.4055,78.89,82,98,4.65,overcast clouds,0,0
245,Alibag,IN,2022-11-25 03:48:21,18.6411,72.8792,80.67,50,72,4.32,broken clouds,0,0
246,Sabang,ID,2022-11-25 03:48:22,5.8933,95.3214,82.06,73,98,20.89,overcast clouds,0,0
247,Dingle,PH,2022-11-25 03:48:22,10.9995,122.6711,85.42,74,97,13.13,overcast clouds,0,0
248,Kununurra,AU,2022-11-25 03:48:23,-15.7667,128.7333,94.98,46,50,8.05,scattered clouds,0,0
249,Krasnoselkup,RU,2022-11-25 03:48:24,65.7,82.4667,-29.83,98,6,7.74,clear sky,0,0
250,Vila Velha,BR,2022-11-25 03:48:24,-20.3297,-40.2925,70.95,98,100,5.99,moderate rain,0,0
251,Kyra,RU,2022-11-25 03:48:25,49.5776,111.9753,4.21,54,79,16.71,broken clouds,0,0
252,Gallipoli,TR,2022-11-25 03:48:25,40.4103,26.6708,48.06,75,100,15.59,overcast clouds,0,0
253,Itoman,JP,2022-11-25 03:48:26,26.1247,127.6694,71.98,94,75,10.36,broken clouds,0,0
254,Fort Nelson,CA,2022-11-25 03:45:48,58.8053,-122.7002,17.19,99,0,4.61,fog,0,0
255,Mahebourg,MU,2022-11-25 03:48:26,-20.4081,57.7,80.26,69,40,10.36,scattered clouds,0,0
256,Mar Del Plata,AR,2022-11-25 03:45:25,-38.0023,-57.5575,58.95,85,40,13.8,scattered clouds,0,0
257,Scottsbluff,US,2022-11-25 03:45:17,41.8666,-103.6672,34.79,49,0,1.99,clear sky,0,0
258,Half Moon Bay,US,2022-11-25 03:45:49,37.4636,-122.4286,62.74,53,0,0.0,clear sky,0,0
259,Asau,RO,2022-11-25 03:48:28,46.4333,26.4,34.72,97,100,0.87,overcast clouds,0,0
260,Saint-Ambroise,CA,2022-11-25 03:48:28,48.5501,-71.3324,28.94,93,100,5.41,overcast clouds,0,0
261,Adiake,CI,2022-11-25 03:48:29,5.2863,-3.304,76.51,86,45,4.03,scattered clouds,0,0
262,Belmonte,BR,2022-11-25 03:48:29,-15.8631,-38.8828,75.33,90,97,9.01,heavy intensity rain,0,0
263,Watsa,CD,2022-11-25 03:48:30,3.0372,29.5355,62.04,97,21,1.88,few clouds,0,0
264,Bandundu,CD,2022-11-25 03:48:30,-3.3167,17.3667,71.1,94,100,0.87,overcast clouds,0,0
265,Dhidhdhoo,MV,2022-11-25 03:48:31,6.8833,73.1,80.92,68,81,6.67,broken clouds,0,0
266,Labuhan,ID,2022-11-25 03:48:31,-6.8844,112.2051,84.16,67,98,3.27,overcast clouds,0,0
267,Forbes,AU,2022-11-25 03:48:32,-33.3833,148.0167,78.35,28,6,11.3,clear sky,0,0
268,Zunyi,CN,2022-11-25 03:48:32,27.6867,106.9072,63.39,68,52,5.08,broken clouds,0,0
269,Astoria,US,2022-11-25 03:47:31,46.1879,-123.8313,48.85,85,0,4.61,clear sky,0,0
270,Sidi Ali,DZ,2022-11-25 03:48:33,36.0998,0.4206,59.43,80,100,5.01,overcast clouds,0,0
271,Mugi,RU,2022-11-25 03:48:33,42.2994,47.4208,42.21,28,59,5.66,broken clouds,0,0
272,Havoysund,NO,2022-11-25 03:48:34,70.9963,24.6622,26.83,80,14,12.19,few clouds,0,0
273,Aden,YE,2022-11-25 03:48:35,12.7794,45.0367,79.36,72,0,17.47,clear sky,0,0
274,Geraldton,AU,2022-11-25 03:48:35,-28.7667,114.6,73.81,53,75,16.11,broken clouds,0,0
275,Carbonia,IT,2022-11-25 03:48:36,39.1672,8.5222,47.01,79,98,2.37,overcast clouds,0,0
276,Sinjar,IQ,2022-11-25 03:43:51,36.3209,41.8754,56.39,69,100,12.95,overcast clouds,0,0
277,Catia La Mar,VE,2022-11-25 03:48:36,10.6038,-67.0303,80.49,78,20,0.0,few clouds,0,0
278,Toktogul,KG,2022-11-25 03:48:37,41.8708,72.9402,43.61,64,100,2.68,overcast clouds,0,0
279,Olga,RU,2022-11-25 03:48:37,43.7444,135.2892,35.74,98,100,3.91,light rain,0,0
280,Pangody,RU,2022-11-25 03:48:38,65.85,74.4859,-32.82,100,7,2.33,clear sky,0,0
281,Borogontsy,RU,2022-11-25 03:48:38,62.6683,131.1683,-29.49,98,100,0.76,overcast clouds,0,0
282,Mumbwa,ZM,2022-11-25 03:48:38,-14.9783,27.0619,65.16,92,94,3.0,overcast clouds,0,0
283,Yanam,IN,2022-11-25 03:48:39,16.7333,82.2167,81.46,75,55,4.36,broken clouds,0,0
284,Kodiak,US,2022-11-25 03:48:39,57.79,-152.4072,36.91,81,100,3.44,overcast clouds,0,0
285,Batagay,RU,2022-11-25 03:48:40,67.6333,134.6333,-29.9,96,100,2.19,overcast clouds,0,0
286,Baturinskaya,RU,2022-11-25 03:48:40,45.7927,39.3707,49.98,73,100,11.45,overcast clouds,0,0
287,Olinda,BR,2022-11-25 03:48:41,-8.0089,-34.8553,80.33,74,75,9.22,broken clouds,0,0
288,Shemonaikha,KZ,2022-11-25 03:48:41,50.6328,81.9056,18.73,77,100,11.36,light snow,0,0
289,Sorland,NO,2022-11-25 03:48:41,67.667,12.6934,39.06,69,53,15.28,broken clouds,0,0
290,Mercedes,AR,2022-11-25 03:48:42,-34.6515,-59.4307,71.04,52,42,14.05,scattered clouds,0,0
291,Northam,GB,2022-11-25 03:48:42,51.0333,-4.2167,49.24,79,9,18.84,clear sky,0,0
292,Lusaka,ZM,2022-11-25 03:48:43,-15.4067,28.2871,64.49,85,95,3.83,overcast clouds,0,0
293,Margate,GB,2022-11-25 03:48:43,51.3813,1.3862,49.69,84,6,3.0,clear sky,0,0
294,Csenger,HU,2022-11-25 03:48:44,47.8358,22.681,32.05,78,73,8.59,broken clouds,0,0
295,Guerrero Negro,MX,2022-11-25 03:48:44,27.9769,-114.0611,63.91,31,0,14.18,clear sky,0,0
296,Sylva,RU,2022-11-25 03:48:44,58.0348,56.7635,9.77,77,18,7.34,few clouds,0,0
297,Mandera,KE,2022-11-25 03:48:45,3.9366,41.867,77.65,72,13,12.57,few clouds,0,0
298,Taltal,CL,2022-11-25 03:48:45,-25.4,-70.4833,64.8,71,24,0.83,few clouds,0,0
299,Daura,NG,2022-11-25 03:48:46,11.5538,11.4085,64.89,22,4,9.31,clear sky,0,0
300,Halifax,CA,2022-11-25 03:44:05,44.6453,-63.5724,27.68,59,50,17.0,scattered clouds,0,0
301,Tortoli,IT,2022-11-25 03:48:47,39.9256,9.6572,55.22,58,0,16.11,clear sky,0,0
302,Greeneville,US,2022-11-25 03:48:47,36.1632,-82.831,52.68,59,75,0.0,broken clouds,0,0
303,Karaton,ID,2022-11-25 03:48:47,-6.3424,106.1045,83.89,63,99,3.22,overcast clouds,0,0
304,Okha,RU,2022-11-25 03:48:48,53.5739,142.9478,21.61,81,85,8.23,overcast clouds,0,0
305,Hasaki,JP,2022-11-25 03:48:49,35.7333,140.8333,64.29,53,8,11.65,clear sky,0,0
306,Udachnyy,RU,2022-11-25 03:48:49,66.4167,112.4,-28.55,74,98,2.46,overcast clouds,0,0
307,Awjilah,LY,2022-11-25 03:48:49,29.1081,21.2869,62.38,86,74,8.99,broken clouds,0,0
308,Obzor,BG,2022-11-25 03:48:50,42.8167,27.8833,46.62,70,63,17.36,broken clouds,0,0
309,Pitimbu,BR,2022-11-25 03:48:50,-7.4706,-34.8086,79.39,80,13,11.74,few clouds,0,0
310,Lavrentiya,RU,2022-11-25 03:48:51,65.5833,-171.0,21.47,85,100,9.37,overcast clouds,0,0
311,Skibbereen,IE,2022-11-25 03:48:51,51.55,-9.2667,52.11,83,6,19.69,clear sky,0,0
312,Kampot,KH,2022-11-25 03:48:52,10.6167,104.1833,84.25,74,35,6.6,scattered clouds,0,0
313,Vestmannaeyjar,IS,2022-11-25 03:48:52,63.4427,-20.2734,45.82,81,72,18.88,broken clouds,0,0
314,Husavik,IS,2022-11-25 03:48:53,66.0449,-17.3389,39.11,97,100,10.07,overcast clouds,0,0
315,Kamaishi,JP,2022-11-25 03:48:53,39.2667,141.8833,51.87,56,4,2.93,clear sky,0,0
316,Oksfjord,NO,2022-11-25 03:48:53,70.2396,22.3479,30.38,82,14,8.55,few clouds,0,0
317,Syracuse,IT,2022-11-25 03:48:54,37.0881,15.2792,52.32,70,4,6.22,clear sky,0,0
318,Port Hueneme,US,2022-11-25 03:48:54,34.1478,-119.1951,71.69,13,0,21.85,clear sky,0,0
319,Meadow Lake,US,2022-11-25 03:48:55,34.8014,-106.5436,40.35,76,99,2.28,overcast clouds,0,0
320,Ancud,CL,2022-11-25 03:48:55,-41.8697,-73.8203,45.88,79,64,4.43,broken clouds,0,0
321,Pacific Grove,US,2022-11-25 03:48:56,36.6177,-121.9166,57.81,54,0,9.22,clear sky,0,0
322,Uarini,BR,2022-11-25 03:48:56,-2.99,-65.1083,76.64,79,98,0.65,overcast clouds,0,0
323,Misratah,LY,2022-11-25 03:48:56,32.3754,15.0925,67.73,70,3,15.14,clear sky,0,0
324,Bonfim,BR,2022-11-25 03:48:57,3.0833,-59.95,74.28,93,100,1.34,overcast clouds,0,0
325,Tura,IN,2022-11-25 03:48:57,25.5198,90.2201,75.31,51,0,0.83,clear sky,0,0
326,Tiarei,PF,2022-11-25 03:48:58,-17.5333,-149.3333,80.01,77,38,17.52,scattered clouds,0,0
327,Yar-Sale,RU,2022-11-25 03:48:58,66.8333,70.8333,-22.36,97,8,7.61,clear sky,0,0
328,Los Llanos De Aridane,ES,2022-11-25 03:48:59,28.6585,-17.9182,65.95,86,75,8.05,broken clouds,0,0
329,Road Town,VG,2022-11-25 03:48:59,18.4167,-64.6167,80.69,79,1,16.87,clear sky,0,0
330,San Cristobal,VE,2022-11-25 03:49:00,7.7669,-72.225,69.98,93,28,1.74,scattered clouds,0,0
331,Cuyamel,HN,2022-11-25 03:49:00,15.6667,-88.2,76.01,89,70,2.21,broken clouds,0,0
332,Visakhapatnam,IN,2022-11-25 03:49:01,17.69,83.2093,75.09,100,100,2.3,overcast clouds,0,0
333,Ratnagiri,IN,2022-11-25 03:49:01,16.9833,73.3,84.56,54,92,5.75,overcast clouds,0,0
334,Hervey Bay,AU,2022-11-25 03:49:01,-25.2986,152.8535,79.11,44,0,11.01,clear sky,0,0
335,Qinzhou,CN,2022-11-25 03:49:02,21.95,108.6167,69.85,94,100,4.38,overcast clouds,0,0
336,Walvis Bay,NA,2022-11-25 03:48:15,-22.9575,14.5053,59.95,82,0,2.3,clear sky,0,0
337,Rio Grande,BR,2022-11-25 03:49:03,-32.035,-52.0986,65.05,76,0,10.27,light rain,0,0
338,Varhaug,NO,2022-11-25 03:49:03,58.6147,5.6457,50.9,83,100,34.05,light rain,0,0
339,Saint-Augustin,CA,2022-11-25 03:49:04,51.226,-58.6502,22.55,76,96,21.85,overcast clouds,0,0
340,Alugan,PH,2022-11-25 03:49:04,12.2188,125.4808,82.58,79,93,9.55,overcast clouds,0,0
341,Kamenka,RU,2022-11-25 03:49:05,51.3223,42.7678,32.31,94,99,6.96,overcast clouds,0,0
342,Phangnga,TH,2022-11-25 03:49:05,8.4509,98.5298,80.64,66,80,4.14,broken clouds,0,0
343,Brae,GB,2022-11-25 03:49:06,60.3964,-1.353,49.19,81,94,28.16,overcast clouds,0,0
344,Forrest City,US,2022-11-25 03:49:06,35.0081,-90.7898,49.44,90,100,5.64,overcast clouds,0,0
345,Christchurch,NZ,2022-11-25 03:49:07,-43.5333,172.6333,60.48,58,75,12.66,broken clouds,0,0
346,Ekuvukeni,ZA,2022-11-25 03:49:07,-28.4675,30.1551,63.32,91,100,3.85,light rain,0,0
347,Srednekolymsk,RU,2022-11-25 03:49:08,67.45,153.6833,-16.76,98,100,4.18,overcast clouds,0,0
348,Muzhi,RU,2022-11-25 03:49:09,65.3667,64.6667,-7.74,100,96,0.81,overcast clouds,0,0
349,Codrington,AU,2022-11-25 03:49:09,-38.2667,141.9667,68.47,59,100,6.82,overcast clouds,0,0
350,Lasem,ID,2022-11-25 03:49:10,-6.6922,111.4527,85.89,67,95,1.48,overcast clouds,0,0
351,Motala,SE,2022-11-25 03:49:11,58.5371,15.0365,37.17,97,100,5.99,overcast clouds,0,0
352,Airai,TL,2022-11-25 03:49:11,-8.9266,125.4092,70.56,73,95,0.38,overcast clouds,0,0
353,Deputatskiy,RU,2022-11-25 03:49:12,69.3,139.9,-30.05,95,100,4.43,overcast clouds,0,0
354,Sunrise Manor,US,2022-11-25 03:49:12,36.2111,-115.0731,58.32,22,0,10.36,clear sky,0,0
355,Sutysky,UA,2022-11-25 03:49:13,49.0425,28.4173,36.03,96,100,8.01,overcast clouds,0,0
356,Zharkent,KZ,2022-11-25 03:49:13,44.1628,80.0,41.88,66,2,2.01,clear sky,0,0
357,Iskateley,RU,2022-11-25 03:49:14,67.6803,53.1512,19.11,97,94,5.53,light snow,0,0
358,Pryozerne,UA,2022-11-25 03:49:14,45.2698,36.3303,55.04,75,100,6.35,overcast clouds,0,0
359,Malko Tarnovo,BG,2022-11-25 03:49:15,41.9833,27.5333,43.07,75,100,9.62,overcast clouds,0,0
360,Chuy,UY,2022-11-25 03:49:15,-33.6971,-53.4616,63.01,81,2,5.82,clear sky,0,0
361,Karratha,AU,2022-11-25 03:49:16,-20.7377,116.8463,90.09,36,100,12.77,overcast clouds,0,0
362,Karasjok,NO,2022-11-25 03:49:16,69.4719,25.5112,5.4,99,73,5.84,broken clouds,0,0
363,Arona,ES,2022-11-25 03:49:17,28.0996,-16.681,65.39,73,20,8.05,few clouds,0,0
364,Raudeberg,NO,2022-11-25 03:49:17,61.9875,5.1352,48.87,53,100,19.62,overcast clouds,0,0
365,Muravlenko,RU,2022-11-25 03:49:18,63.7898,74.523,-31.58,99,9,7.27,clear sky,0,0
366,Liwale,TZ,2022-11-25 03:49:18,-9.7667,37.9333,71.47,79,80,5.66,broken clouds,0,0
367,Oume,JP,2022-11-25 03:49:19,35.7839,139.2431,63.01,41,0,3.44,clear sky,0,0
368,Wewak,PG,2022-11-25 03:49:20,-3.5534,143.6268,85.95,66,91,7.72,overcast clouds,0,0
369,Kloulklubed,PW,2022-11-25 03:49:20,7.0419,134.2556,86.5,75,98,8.43,overcast clouds,0,0
370,Bangassou,CF,2022-11-25 03:49:21,4.7413,22.8184,71.49,88,100,2.01,overcast clouds,0,0
371,Jutai,BR,2022-11-25 03:49:21,-5.1833,-68.9,71.4,99,70,2.35,broken clouds,0,0
372,Stabat,ID,2022-11-25 03:49:22,3.761,98.4513,82.6,60,73,1.9,broken clouds,0,0
373,Taoudenni,ML,2022-11-25 03:49:22,22.6783,-3.9836,69.96,32,100,7.7,overcast clouds,0,0
374,Chokwe,MZ,2022-11-25 03:49:23,-24.5333,32.9833,76.19,62,6,3.4,clear sky,0,0
375,Bandarbeyla,SO,2022-11-25 03:49:24,9.4942,50.8122,78.24,74,16,8.66,few clouds,0,0
376,Shelburne,CA,2022-11-25 03:49:24,44.0787,-80.2041,41.45,71,99,8.39,overcast clouds,0,0
377,Coquimbo,CL,2022-11-25 03:49:25,-29.9533,-71.3436,56.93,100,0,4.61,clear sky,0,0
378,Cockburn Town,TC,2022-11-25 03:49:25,21.4612,-71.1419,80.53,73,1,16.17,clear sky,0,0
379,Usakos,NA,2022-11-25 03:49:26,-22.0,15.6,73.94,23,71,4.18,broken clouds,0,0
380,Bongandanga,CD,2022-11-25 03:49:26,1.5,21.05,68.74,99,76,2.15,light rain,0,0
381,Ginda,IN,2022-11-25 03:49:27,30.6945,78.4932,61.99,21,32,3.42,scattered clouds,0,0
382,Praia Da Vitoria,PT,2022-11-25 03:49:27,38.7333,-27.0667,64.76,77,40,29.01,scattered clouds,0,0
383,Zhezkazgan,KZ,2022-11-25 03:49:28,47.8043,67.7144,31.98,86,100,17.9,overcast clouds,0,0
384,Henties Bay,NA,2022-11-25 03:49:28,-22.116,14.2845,58.84,91,17,7.96,few clouds,0,0
385,Gobabis,NA,2022-11-25 03:49:29,-22.45,18.9667,68.88,18,71,8.03,broken clouds,0,0
386,Diamantino,BR,2022-11-25 03:49:31,-14.4086,-56.4461,71.58,95,100,2.71,overcast clouds,0,0
387,Saint-Pierre,RE,2022-11-25 03:49:32,-21.3393,55.4781,78.91,53,0,4.61,clear sky,0,0
388,Touros,BR,2022-11-25 03:49:32,-5.1989,-35.4608,77.54,82,39,11.99,scattered clouds,0,0
389,Mount Isa,AU,2022-11-25 03:49:32,-20.7333,139.5,96.57,20,40,10.36,scattered clouds,0,0
390,Barroquinha,BR,2022-11-25 03:49:33,-3.0189,-41.1361,75.09,83,49,6.82,scattered clouds,0,0
391,Salinas,US,2022-11-25 03:49:34,36.6777,-121.6555,58.48,54,0,9.22,clear sky,0,0
392,Kushima,JP,2022-11-25 03:49:34,31.4583,131.2333,68.07,58,66,6.8,broken clouds,0,0
393,Rakaia,NZ,2022-11-25 03:49:35,-43.75,172.0167,60.37,56,72,10.58,broken clouds,0,0
394,Cumra,TR,2022-11-25 03:49:35,37.5732,32.7745,41.14,85,98,0.54,overcast clouds,0,0
395,Tual,ID,2022-11-25 03:49:36,-5.6667,132.75,84.27,65,91,2.1,overcast clouds,0,0
396,Nara,JP,2022-11-25 03:47:01,34.6851,135.8049,62.91,43,15,2.44,few clouds,0,0
397,Sambava,MG,2022-11-25 03:49:36,-14.2667,50.1667,75.69,79,4,9.8,clear sky,0,0
398,Nome,US,2022-11-25 03:48:05,64.5011,-165.4064,21.27,79,100,12.66,overcast clouds,0,0
399,Mackay,AU,2022-11-25 03:49:37,-21.15,149.2,82.69,65,99,10.89,overcast clouds,0,0
400,Virovitica,HR,2022-11-25 03:49:37,45.8319,17.3839,39.9,88,14,1.57,few clouds,0,0
401,Pontal Do Parana,BR,2022-11-25 03:48:08,-25.6533,-48.5128,67.89,87,94,5.73,overcast clouds,0,0
402,Huanan,CN,2022-11-25 03:49:38,46.2167,130.5167,31.71,97,100,2.98,snow,0,0
403,Vardo,NO,2022-11-25 03:49:39,70.3705,31.1107,26.58,80,100,27.63,overcast clouds,0,0
404,Aykhal,RU,2022-11-25 03:49:39,66.0,111.5,-24.47,100,97,2.64,overcast clouds,0,0
405,Pochutla,MX,2022-11-25 03:49:40,15.7432,-96.4661,75.81,82,52,3.36,broken clouds,0,0
406,Klaksvik,FO,2022-11-25 03:49:40,62.2266,-6.589,49.12,93,100,26.13,light rain,0,0
407,Alcudia,ES,2022-11-25 03:49:41,39.8532,3.1214,64.38,81,100,13.35,overcast clouds,0,0
408,Jiwani,PK,2022-11-25 03:49:41,25.05,61.7417,77.99,48,22,2.64,few clouds,0,0
409,Clyde River,CA,2022-11-25 03:49:42,70.4692,-68.5914,-9.17,70,0,5.75,clear sky,0,0
410,Antalaha,MG,2022-11-25 03:49:42,-14.9003,50.2788,76.87,69,25,8.21,scattered clouds,0,0
411,Faanui,PF,2022-11-25 03:49:42,-16.4833,-151.75,78.58,76,36,14.54,light rain,0,0
412,Inyonga,TZ,2022-11-25 03:49:43,-6.7167,32.0667,63.43,89,85,3.69,overcast clouds,0,0
413,Dharchula,IN,2022-11-25 03:49:43,29.85,80.5333,68.29,22,31,3.62,scattered clouds,0,0
414,Jalu,LY,2022-11-25 03:49:44,29.0331,21.5482,62.65,85,84,9.1,broken clouds,0,0
415,Port Lincoln,AU,2022-11-25 03:49:44,-34.7333,135.8667,79.95,39,17,5.57,few clouds,0,0
416,Rawson,AR,2022-11-25 03:49:04,-43.3002,-65.1023,56.68,62,1,24.92,clear sky,0,0
417,Tuatapere,NZ,2022-11-25 03:49:45,-46.1333,167.6833,55.76,62,100,10.02,overcast clouds,0,0
418,Pangai,TO,2022-11-25 03:49:45,-19.8,-174.35,86.11,66,40,6.91,scattered clouds,0,0
419,Victoria,HK,2022-11-25 03:46:27,22.2855,114.1577,78.96,89,100,10.0,overcast clouds,0,0
420,Aitape,PG,2022-11-25 03:49:46,-3.1374,142.3475,86.67,63,57,8.75,broken clouds,0,0
421,Howard Springs,AU,2022-11-25 03:49:47,-12.497,131.047,91.98,70,49,2.48,light rain,0,0
422,Tatawin,TN,2022-11-25 03:49:47,32.9297,10.4518,58.53,75,3,2.98,clear sky,0,0
423,Saldanha,ZA,2022-11-25 03:49:47,-33.0117,17.9442,51.85,59,0,21.12,clear sky,0,0
424,Kunnamangalam,IN,2022-11-25 03:49:48,11.3046,75.8777,79.43,77,99,3.94,overcast clouds,0,0
425,Kavieng,PG,2022-11-25 03:49:48,-2.5744,150.7967,85.23,62,64,3.87,broken clouds,0,0
426,Kulhudhuffushi,MV,2022-11-25 03:49:49,6.6221,73.07,80.85,70,78,7.05,broken clouds,0,0
427,College,US,2022-11-25 03:49:49,64.8569,-147.8028,15.75,87,100,0.0,light snow,0,0
428,Albacete,ES,2022-11-25 03:49:50,38.8333,-2.0,54.41,82,75,4.61,broken clouds,0,0
429,Tessalit,ML,2022-11-25 03:49:50,20.1986,1.0114,67.05,18,100,9.82,overcast clouds,0,0
430,Fairbanks,US,2022-11-25 03:45:32,64.8378,-147.7164,15.76,86,100,0.0,light snow,0,0
431,Fernie,CA,2022-11-25 03:49:51,49.5,-115.0687,44.69,99,65,3.29,broken clouds,0,0
432,Faya,SA,2022-11-25 03:49:51,18.3851,42.4509,51.91,62,0,0.47,clear sky,0,0
433,Alcaniz,ES,2022-11-25 03:49:51,41.05,-0.1333,53.08,82,100,4.99,overcast clouds,0,0
434,Calama,CL,2022-11-25 03:49:52,-22.4667,-68.9333,55.89,38,40,2.3,scattered clouds,0,0
435,Payakumbuh,ID,2022-11-25 03:49:52,-0.2202,100.6308,74.52,85,100,2.8,overcast clouds,0,0
436,Tezu,IN,2022-11-25 03:49:53,27.9167,96.1667,78.6,28,0,3.31,clear sky,0,0
437,San Policarpo,PH,2022-11-25 03:49:53,12.1791,125.5072,82.78,78,93,9.89,overcast clouds,0,0
438,New Castle,US,2022-11-25 03:45:09,41.0037,-80.347,54.68,56,75,0.0,broken clouds,0,0
439,Shu,KZ,2022-11-25 03:49:54,43.5983,73.7614,48.07,60,0,5.97,clear sky,0,0
440,Tabasalu,EE,2022-11-25 03:49:54,59.4303,24.5331,28.26,92,100,10.36,overcast clouds,0,0
441,Sitka,US,2022-11-25 03:49:54,57.0531,-135.33,39.09,81,75,18.41,light rain,0.25,0
442,Hay River,CA,2022-11-25 03:49:55,60.8156,-115.7999,30.18,93,75,10.36,broken clouds,0,0
443,Lakselv,NO,2022-11-25 03:49:55,70.0513,24.9718,22.82,80,20,28.77,few clouds,0,0
444,Rocha,UY,2022-11-25 03:47:26,-34.4833,-54.3333,62.22,74,0,4.07,clear sky,0,0
445,Chapais,CA,2022-11-25 03:49:56,49.7834,-74.8492,29.98,95,100,9.82,overcast clouds,0,0
446,Wakkanai,JP,2022-11-25 03:49:57,45.4094,141.6739,40.98,75,75,8.05,broken clouds,0,0
447,Brokopondo,SR,2022-11-25 03:49:57,4.75,-55.1667,74.77,92,100,3.15,moderate rain,0,0
448,Brewster,US,2022-11-25 03:49:57,41.3973,-73.6171,45.91,93,99,3.4,overcast clouds,0,0
449,Bossier City,US,2022-11-25 03:49:58,32.516,-93.7321,59.49,91,100,9.22,light rain,0,0
450,Mitu,CO,2022-11-25 03:49:58,1.1983,-70.1733,71.38,98,100,0.18,overcast clouds,0,0
451,Vangaindrano,MG,2022-11-25 03:49:59,-23.35,47.6,73.81,86,32,3.33,light rain,0,0
452,Ucluelet,CA,2022-11-25 03:49:59,48.9329,-125.5528,50.09,92,100,1.99,overcast clouds,0,0
453,Olafsvik,IS,2022-11-25 03:49:59,64.8945,-23.7142,42.64,80,75,19.08,broken clouds,0,0
454,Namatanai,PG,2022-11-25 03:50:00,-3.6667,152.4333,85.91,62,24,4.5,few clouds,0,0
455,Snezhnogorsk,RU,2022-11-25 03:50:00,69.1933,33.2531,15.58,90,23,11.36,few clouds,0,0
456,Boa Vista,BR,2022-11-25 03:50:01,2.8197,-60.6733,75.18,88,40,4.61,scattered clouds,0,0
457,Gdov,RU,2022-11-25 03:50:01,58.7406,27.8122,24.42,83,99,11.7,overcast clouds,0,0
458,General Roca,AR,2022-11-25 03:50:02,-39.0333,-67.5833,71.62,46,100,18.14,overcast clouds,0,0
459,Lebu,CL,2022-11-25 03:47:46,-37.6167,-73.65,53.82,83,100,17.09,overcast clouds,0,0
460,Portsmouth,GB,2022-11-25 03:46:20,50.799,-1.0913,52.97,85,1,5.99,clear sky,0,0
461,Vostok,RU,2022-11-25 03:50:03,46.4856,135.8833,26.04,95,100,4.41,snow,0,0
462,Ilhabela,BR,2022-11-25 03:50:04,-23.7781,-45.3581,70.29,90,60,5.17,light rain,0,0
463,Joshimath,IN,2022-11-25 03:50:04,30.5667,79.5667,65.59,17,25,1.59,scattered clouds,0,0
464,Hualmay,PE,2022-11-25 03:50:04,-11.0964,-77.6139,66.25,88,20,8.97,few clouds,0,0
465,Umm Kaddadah,SD,2022-11-25 03:50:05,13.6017,26.6876,64.0,24,17,14.45,few clouds,0,0
466,Le Pont-De-Claix,FR,2022-11-25 03:50:05,45.1244,5.7064,48.61,79,100,1.9,overcast clouds,0,0
467,Sasaguri,JP,2022-11-25 03:50:06,33.6167,130.5333,71.08,40,0,12.66,clear sky,0,0
468,Jining,CN,2022-11-25 03:50:06,35.405,116.5814,64.08,53,70,5.06,broken clouds,0,0
469,Asmara,ER,2022-11-25 03:50:07,15.3333,38.9333,54.72,48,0,1.43,clear sky,0,0
470,San Jose,US,2022-11-25 03:47:29,37.3394,-121.895,60.82,57,0,3.44,clear sky,0,0
471,Polunochnoye,RU,2022-11-25 03:50:07,60.8697,60.4153,-11.6,96,8,3.51,clear sky,0,0
472,Sur,OM,2022-11-25 03:50:08,22.5667,59.5289,78.84,38,5,1.32,clear sky,0,0
473,Tselina,RU,2022-11-25 03:50:08,46.5338,41.0328,43.88,79,100,14.81,overcast clouds,0,0
474,Nhulunbuy,AU,2022-11-25 03:50:08,-12.2333,136.7667,92.01,55,40,12.66,scattered clouds,0,0
475,Hobyo,SO,2022-11-25 03:50:09,5.3505,48.5268,80.06,70,27,9.91,scattered clouds,0,0
476,Verkhoyansk,RU,2022-11-25 03:50:09,67.5447,133.385,-30.32,98,100,1.74,overcast clouds,0,0
477,Cap Malheureux,MU,2022-11-25 03:50:10,-19.9842,57.6142,79.47,63,56,10.0,broken clouds,0,0
478,Yaan,NG,2022-11-25 03:50:10,7.3833,8.5667,69.76,29,4,2.86,clear sky,0,0
479,Peto,MX,2022-11-25 03:50:10,20.1333,-88.9167,72.54,95,84,2.91,broken clouds,0,0
480,Nogales,MX,2022-11-25 03:50:11,31.3086,-110.9422,51.37,24,0,14.97,clear sky,0,0
481,Atar,MR,2022-11-25 03:50:11,20.5169,-13.0499,71.42,16,100,8.23,overcast clouds,0,0
482,Oussouye,SN,2022-11-25 03:50:12,12.485,-16.5469,77.09,28,100,7.31,overcast clouds,0,0
483,Acarau,BR,2022-11-25 03:50:12,-2.8856,-40.12,78.33,80,51,14.23,broken clouds,0,0
484,Staunton,US,2022-11-25 03:50:13,38.1496,-79.0717,47.17,67,75,4.61,broken clouds,0,0
485,Lock Haven,US,2022-11-25 03:50:13,41.137,-77.4469,46.89,77,94,3.33,overcast clouds,0,0
486,Dukat,RU,2022-11-25 03:50:14,62.55,155.55,-22.16,96,100,3.56,overcast clouds,0,0
487,Nyanza,RW,2022-11-25 03:50:14,-2.3519,29.7509,55.15,94,99,1.19,overcast clouds,0,0
488,Belozerskoye,RU,2022-11-25 03:50:14,55.8214,65.5842,4.46,78,18,11.59,few clouds,0,0
489,Shulan,CN,2022-11-25 03:50:15,44.4167,126.95,38.82,85,100,13.47,overcast clouds,0,0
490,Vanavara,RU,2022-11-25 03:50:15,60.34,102.2797,-18.74,96,100,2.21,overcast clouds,0,0
491,Hyeres,FR,2022-11-25 03:50:16,43.1167,6.1167,58.41,83,100,4.61,overcast clouds,0,0
492,Buchanan,LR,2022-11-25 03:50:16,5.8808,-10.0467,74.93,89,99,5.61,overcast clouds,0,0
493,Sawakin,SD,2022-11-25 03:50:17,19.1059,37.3321,79.12,80,9,8.61,clear sky,0,0
494,Guarda,PT,2022-11-25 03:50:17,40.5373,-7.2658,44.24,92,94,6.08,overcast clouds,0,0
495,Jahazpur,IN,2022-11-25 03:50:17,25.6167,75.2833,69.51,20,9,3.18,clear sky,0,0
496,Port Hawkesbury,CA,2022-11-25 03:50:18,45.6169,-61.3485,33.19,69,100,17.0,overcast clouds,0,0
497,Roald,NO,2022-11-25 03:50:18,62.5833,6.1333,50.92,49,20,17.27,few clouds,0,0
498,Huinan,CN,2022-11-25 03:50:19,42.6225,126.2614,34.2,100,100,9.13,snow,0,0
499,Bobo Dioulasso,BF,2022-11-25 03:50:19,11.1771,-4.2979,67.44,23,63,3.13,broken clouds,0,0
500,Baykit,RU,2022-11-25 03:50:20,61.67,96.37,-12.28,95,100,1.61,overcast clouds,0,0
501,Lakatoro,VU,2022-11-25 03:50:20,-16.0999,167.4164,84.61,68,61,6.73,moderate rain,0,0
502,Klamath Falls,US,2022-11-25 03:45:49,42.2249,-121.7817,35.85,68,0,4.61,clear sky,0,0
503,Port Moresby,PG,2022-11-25 03:47:30,-9.4431,147.1797,87.22,70,40,11.5,haze,0,0
504,Teguldet,RU,2022-11-25 03:50:21,57.3064,88.1667,-0.87,89,100,2.53,overcast clouds,0,0
505,Moussoro,TD,2022-11-25 03:50:21,13.6408,16.4901,70.02,17,1,14.03,clear sky,0,0
506,Ketchikan,US,2022-11-25 03:50:22,55.3422,-131.6461,39.67,93,100,5.75,moderate rain,3.81,0
507,Vrbno Pod Pradedem,CZ,2022-11-25 03:50:22,50.1209,17.3832,34.95,97,100,2.64,overcast clouds,0,0
508,Meulaboh,ID,2022-11-25 03:50:23,4.1363,96.1285,83.03,67,93,2.55,overcast clouds,0,0
509,Nelson Bay,AU,2022-11-25 03:50:23,-32.7167,152.15,77.05,65,7,14.25,clear sky,0,0
510,Ndjole,GA,2022-11-25 03:50:24,-0.1783,10.7649,74.12,99,100,2.08,light rain,0,0
511,Ereymentau,KZ,2022-11-25 03:50:24,51.6199,73.1033,21.79,96,100,8.72,snow,0,0
512,Kuopio,FI,2022-11-25 03:50:24,62.8924,27.677,19.35,93,100,8.05,overcast clouds,0,0
513,Kaoma,ZM,2022-11-25 03:50:25,-14.7833,24.8,62.38,95,92,3.83,overcast clouds,0,0
514,Marsa Matruh,EG,2022-11-25 03:50:25,31.3525,27.2453,64.83,68,3,15.3,clear sky,0,0
515,Bileca,BA,2022-11-25 03:50:26,42.8719,18.4297,48.09,78,1,4.74,clear sky,0,0
516,Kapuskasing,CA,2022-11-25 03:50:26,49.4169,-82.4331,33.89,93,100,9.22,snow,0,0
517,Ust-Kuyga,RU,2022-11-25 03:50:26,70.0167,135.6,-30.48,97,100,5.75,overcast clouds,0,0
518,Shangrao,CN,2022-11-25 03:50:27,28.4532,117.9686,62.28,88,100,0.49,overcast clouds,0,0
519,Brandfort,ZA,2022-11-25 03:50:27,-28.7001,26.4597,49.41,28,3,4.09,clear sky,0,0
520,Mitsamiouli,KM,2022-11-25 03:50:28,-11.3847,43.2844,80.89,69,20,13.8,light rain,0,0
521,Awbari,LY,2022-11-25 03:50:28,26.5921,12.7805,57.25,47,2,4.54,clear sky,0,0
522,Starup,DK,2022-11-25 03:50:29,55.241,9.535,44.89,100,75,10.36,mist,0,0
523,Baruun-Urt,MN,2022-11-25 03:50:29,46.6806,113.2792,11.71,65,100,13.98,overcast clouds,0,0
524,Rudbar,AF,2022-11-25 03:50:30,30.15,62.6,61.25,16,75,5.1,broken clouds,0,0
525,Hokitika,NZ,2022-11-25 03:50:30,-42.7167,170.9667,57.2,61,59,15.23,broken clouds,0,0
526,Colonia,DE,2022-11-25 03:48:54,50.9333,6.95,49.82,85,0,8.05,clear sky,0,0
527,Kargat,RU,2022-11-25 03:50:31,55.1956,80.2811,-3.24,93,100,6.29,overcast clouds,0,0
528,Scarborough,GB,2022-11-25 03:50:31,54.2797,-0.4044,46.65,89,85,11.99,moderate rain,0,0
529,Humenne,SK,2022-11-25 03:50:31,48.9371,21.9163,32.54,93,85,3.27,overcast clouds,0,0
530,Pemberton,CA,2022-11-25 03:50:32,50.3164,-122.8027,44.87,78,99,5.26,overcast clouds,0,0
531,Portland,US,2022-11-25 03:46:05,45.5234,-122.6762,48.63,74,20,11.99,few clouds,0,0
532,Waddan,LY,2022-11-25 03:50:32,29.1614,16.139,57.33,76,0,6.71,clear sky,0,0
533,Jinxiang,CN,2022-11-25 03:50:33,27.4327,120.6062,63.14,91,100,4.29,light rain,0,0
534,Shingu,JP,2022-11-25 03:47:04,33.7333,135.9833,61.86,53,2,4.23,clear sky,0,0
535,Ust-Maya,RU,2022-11-25 03:50:33,60.4167,134.5333,-24.36,96,96,0.27,overcast clouds,0,0
536,Geelong,AU,2022-11-25 03:50:34,-38.1471,144.3607,67.06,64,66,11.5,broken clouds,0,0
537,Kutum,SD,2022-11-25 03:50:34,14.2,24.6667,58.3,23,1,6.13,clear sky,0,0
538,Santa Fe,AR,2022-11-25 03:50:10,-31.6333,-60.7,78.98,65,85,5.99,overcast clouds,0,0
539,Barra Dos Coqueiros,BR,2022-11-25 03:50:35,-10.9089,-37.0386,78.82,83,0,10.36,clear sky,0,0
540,Yumen,CN,2022-11-25 03:50:36,40.2833,97.2,35.28,41,99,8.37,overcast clouds,0,0
541,Inhambane,MZ,2022-11-25 03:50:36,-23.865,35.3833,77.0,94,40,5.99,scattered clouds,0,0
542,Luanda,AO,2022-11-25 03:50:36,-8.8368,13.2343,78.8,89,75,4.61,broken clouds,0,0
543,Noumea,NC,2022-11-25 03:47:19,-22.2763,166.4572,78.78,66,99,15.66,overcast clouds,0,0
544,Gigmoto,PH,2022-11-25 03:50:37,13.7796,124.39,84.43,74,77,7.67,broken clouds,0,0
545,Kibungan,PH,2022-11-25 03:50:37,16.695,120.6553,80.28,46,14,3.98,few clouds,0,0
546,Nkayi,CG,2022-11-25 03:50:38,-4.1841,13.2884,72.75,97,100,1.57,overcast clouds,0,0
547,Adrar,MR,2022-11-25 03:50:38,20.5022,-10.0711,69.4,17,100,9.64,overcast clouds,0,0
548,Marfino,RU,2022-11-25 03:50:39,55.7028,37.3822,21.45,93,100,6.71,overcast clouds,0,0
549,Zambezi,ZM,2022-11-25 03:50:39,-13.5432,23.1047,64.38,96,99,4.36,overcast clouds,0,0
550,Puerto Leguizamo,CO,2022-11-25 03:50:40,-0.1934,-74.7819,71.53,97,49,0.87,scattered clouds,0,0
551,Sendafa,ET,2022-11-25 03:50:40,9.15,39.0333,54.75,65,90,1.74,overcast clouds,0,0
552,Goderich,CA,2022-11-25 03:50:41,43.7501,-81.7165,50.32,50,99,13.8,overcast clouds,0,0
553,Aripuana,BR,2022-11-25 03:50:41,-9.1667,-60.6333,71.4,95,87,0.29,overcast clouds,0,0
554,Santona,ES,2022-11-25 03:50:42,43.4439,-3.4576,54.32,87,100,10.85,light rain,0,0
555,Maragogi,BR,2022-11-25 03:50:42,-9.0122,-35.2225,76.6,83,89,7.81,overcast clouds,0,0
556,Pitkyaranta,RU,2022-11-25 03:50:43,61.5734,31.4792,18.23,86,95,7.2,overcast clouds,0,0
557,Peniche,PT,2022-11-25 03:50:43,39.3558,-9.3811,59.56,84,34,11.25,scattered clouds,0,0
